,id,prcp_avg,tmax_avg,tmin_avg
1,hamilton,27.81084906,84.17961511,-27.99284692
2,columbus,34.60655738,81.15058179,-19.3744856
3,coshocton,19.83020833,78.828125,-22.06666667
4,hamilton,27.81084906,84.17961511,-27.99284692
5,lebanon,22.18408602,94.255625,-6.3875
6,ironton,26.64741276,93.22304833,-25.32653061
7,oxford,24.66074766,82.88989442,-17.53018109
8,stclairsville,28.49352252,76.09116022,-36.20193638