,id,prcp_avg,tmax_avg,tmin_avg
1,hamilton,32.31690998,173.3141966,53.84052533
2,columbus,35.56167307,170.5488254,61.65587734
3,coshocton,26.89783709,181.1393443,55.44899818
4,hamilton,32.31690998,173.3141966,53.84052533
5,lebanon,23.4313436,183.7325974,70.46736132
6,ironton,30.88627936,184.9219467,51.48623853
7,oxford,29.16138443,176.6690216,59.11080332
8,stclairsville,31.21169231,160.0396446,45.39493498