,id,prcp_avg,tmax_avg,tmin_avg
1,hamilton,40.67984032,186.511097,63.77497606
2,columbus,29.95735872,171.9876716,59.13641488
3,coshocton,25.86003683,170.2055733,50.20246801
4,hamilton,40.67984032,186.511097,63.77497606
5,lebanon,26.27416631,168.4464231,59.45960061
6,ironton,27.62296919,181.977208,54.75091241
7,oxford,30.08636545,166.6781984,49.35515441
8,stclairsville,31.1529448,157.0775566,41.15141087